{
	"1.0.5": [
		"搜索页面增加搜索词错误提醒",
		"修复导航栏长时间空白的问题",
		"增加播放器高度设置",
		"修复扫码播放无效的问题",
		"完善播放页收藏按钮的功能",
		"修复关联视频字符被过滤的问题",
		"禁用苹果设备试看功能",
		"修复轮播图不显示图片的问题"
	],
	"1.0.4": [
		"修复视频播放页报错的问题",
		"修复留言评论表情无法加载的问题",
		"优化搜索弹出框显示效果",
		"修复切换验证码无法显示的问题",
		"修复非管理员也可以升级主题的问题",
		"修复短连接无效的问题",
		"修复轮播图链接错误的问题"
	],
	"1.0.3": [
		"主题架构调整",
		"修复主题收不到更新提示的问题",
		"播放列表广告位拆分设置",
		"修复样式表不走CDN的问题",
		"修复有权限依然提示试看结束的问题",
		"修复无法加载留言列表的问题",
		"视频报错增加浏览器信息"
	],
	"1.0.2": [
		"增加联想搜索开关",
		"修复手机QQ浏览器无法播放视频的问题",
		"修复试看视频结束不显示试看结束的问题",
		"个人中心关闭广告显示",
		"首页增加文章分类列表",
		"修复微信公众号码不显示二维码的问题",
		"导航栏改为异步加载模式",
		"增加扫码下载功能",
		"增加视频文章密码查看"
	],
	"1.0.1": [
		"优化主题更新逻辑",
		"修改视频集数列表显示逻辑",
		"修复视频试看问题",
		"增加CDN设置选项",
		"增加缩略图横版竖版选项",
		"增加详情编辑按钮"
	],
	"1.0.0": [
		"用心做模板,让你体验不一样的苹果CMS",
		"导航栏排版修改,后台设置更加灵活",
		"首页支持全功能选择性输出指定内容,方便小白用户",
		"留言评论增加表情评论功能",
		"主题不内置解析接口以及采集接口,但对采集功能做了大幅优化",
		"全站配色可在主题设置中自定义调节",
		"联想搜索功能优化,支持同音字搜索,例如西红柿首富>西虹市首富"
	]
}
