{
	"1.1.6": [
		"修复HTML标签校对报错问题",
		"增加移动端原生播放器选项"
	],
	"1.1.5": [
		"增加主题升级自动切换移动端主题",
		"更新导航栏搜索按钮颜色",
		"更新主题默认配置文件",
		"修复短连接网址打不开的问题",
		"修复自动切换验证码错误的问题",
		"修复主题导航设置无效的问题"
	],
	"1.1.4": [
		"修复后台管理员无权限报错问题",
		"修复SEO首页地图页地址错误问题",
		"修复导航栏动态加载错误的问题",
		"修复部分短连接接口调用无效的问题",
		"搜索弹出框增加百度热门搜索",
		"首页设置增加位置排序功能"
	],
	"1.1.3": [
		"采集收藏增加管理员权限验证",
		"优化PC端BOX容器阴影效果",
		"优化详情页排版样式",
		"修复标签校对标签闭合的问题"
	],
	"1.1.2": [
		"修改主题设置静态文件加载逻辑",
		"增加正则获取短连接接口数据",
		"增加更新日志显示历史版本日志",
		"增加下载页面下载地址复制功能",
		"优化视频集数列表显示样式",
		"修复用户中心支付选择问题",
		"修复子目录站点头像显示的问题",
		"修复百度APP页面异常的问题"
	],
	"1.1.1": [
		"修复1.1.0版本授权问题"
	],
	"1.1.0": [
		"优化主题设置移动端显示问题",
		"优化评论留言表情显示效果",
		"优化采集功能播放器配置问题",
		"优化浏览器访问控制功能",
		"修复详情标签错误导致错位问题",
		"修复Satari深色模式的问题",
		"修复图片盗链接口错误的问题",
		"修复二维码小图标跨域的问题"
	],
	"1.0.9": [
		"修复视频集数列表的问题",
		"修复采集优化标签问题",
		"修复生成静态权限错误问题",
		"优化SEO设置页面功能",
		"修复视频搜索报错的问题"
	],
	"1.0.8": [
		"详情页面排版优化",
		"详情页增加代码修饰器",
		"详情页增加img图片标签",
		"修复文章视频数据量错误的问题",
		"修复开启图片代理本地图片不显示的问题",
		"修复导航图标按钮跳转网页的问题",
		"修复生成静态报错问题",
		"增加试看倒计时开关",
		"增加夜间模式按钮"
	],
	"1.0.7": [
		"使用1.0.6之前版本的请先恢复默认设置再使用",
		"修复防红页面点击浏览器图标跳转支付宝的问题",
		"修复无轮播图时首页模块间距过大的问题",
		"修复下载页面显示扫码下载的问题",
		"修复主题设置分类获取权限问题",
		"修复断点采集增加采集收藏",
		"优化首页周更剧场显示问题",
		"右上角图标增加设置选项",
		"将暂无备注改为更新时间",
		"优化主题升级功能"
	],
	"1.0.6": [
		"此版改动较大,极其不稳定,请使用测试站安装使用",
		"升级失败请前往系统设置选择主题mojia-1.0.6",
		"优化主题设置页打开速度,如有缺失设置请恢复默认设置",
		"修复留言空白导致排版错乱的问题",
		"修复取消全部移动端导航显示白条的问题",
		"修复周更列表调用数据错误的问题",
		"修复苹果设备会员用户无法播放的问题",
		"修复下载链接错误的问题",
		"修复视频详情上方广告不显示的问题",
		"修复全站底部广告为桌面端错位问题",
		"导航栏支持设置滚动和固定",
		"增加浏览器打开控制选项",
		"增加全站SEO详细设置选项",
		"优化全站字体图标"
	],
	"1.0.5": [
		"搜索页面增加搜索词错误提醒",
		"修复导航栏长时间空白的问题",
		"增加播放器高度设置",
		"修复扫码播放无效的问题",
		"完善播放页收藏按钮的功能",
		"修复关联视频字符被过滤的问题",
		"禁用苹果设备试看功能",
		"修复轮播图不显示图片的问题"
	],
	"1.0.4": [
		"修复视频播放页报错的问题",
		"修复留言评论表情无法加载的问题",
		"优化搜索弹出框显示效果",
		"修复切换验证码无法显示的问题",
		"修复非管理员也可以升级主题的问题",
		"修复短连接无效的问题",
		"修复轮播图链接错误的问题"
	],
	"1.0.3": [
		"主题架构调整",
		"修复主题收不到更新提示的问题",
		"播放列表广告位拆分设置",
		"修复样式表不走CDN的问题",
		"修复有权限依然提示试看结束的问题",
		"修复无法加载留言列表的问题",
		"视频报错增加浏览器信息"
	],
	"1.0.2": [
		"增加联想搜索开关",
		"修复手机QQ浏览器无法播放视频的问题",
		"修复试看视频结束不显示试看结束的问题",
		"个人中心关闭广告显示",
		"首页增加文章分类列表",
		"修复微信公众号码不显示二维码的问题",
		"导航栏改为异步加载模式",
		"增加扫码下载功能",
		"增加视频文章密码查看"
	],
	"1.0.1": [
		"优化主题更新逻辑",
		"修改视频集数列表显示逻辑",
		"修复视频试看问题",
		"增加CDN设置选项",
		"增加缩略图横版竖版选项",
		"增加详情编辑按钮"
	],
	"1.0.0": [
		"用心做模板,让你体验不一样的苹果CMS",
		"导航栏排版修改,后台设置更加灵活",
		"首页支持全功能选择性输出指定内容,方便小白用户",
		"留言评论增加表情评论功能",
		"主题不内置解析接口以及采集接口,但对采集功能做了大幅优化",
		"全站配色可在主题设置中自定义调节",
		"联想搜索功能优化,支持同音字搜索,例如西红柿首富>西虹市首富"
	]
}
